                  epoch,         train/box_loss,         train/cls_loss,         train/dfl_loss,   metrics/precision(B),      metrics/recall(B),       metrics/mAP50(B),    metrics/mAP50-95(B),           val/box_loss,           val/cls_loss,           val/dfl_loss,                 lr/pg0,                 lr/pg1,                 lr/pg2
                      1,                 1.0388,                 5.7613,                 1.2458,                0.49143,                0.73309,                0.63474,                0.52123,                0.52333,                 7.2044,                 0.9311,             0.00011432,             0.00011432,             0.00011432
                      2,                0.79993,                 2.8976,                 1.1113,                0.78604,                0.80763,                0.87733,                0.75655,                0.58411,                 4.0993,                0.91971,             0.00024213,             0.00024213,             0.00024213
                      3,                0.93998,                 1.9468,                 1.1682,                 0.8598,                0.85392,                0.92002,                0.76997,                0.72353,                 2.9476,                0.95821,             0.00036909,             0.00036909,             0.00036909
                      4,                0.83802,                 1.7031,                 1.0791,                0.71607,                0.80704,                 0.8073,                0.67273,                0.71115,                 2.9307,                0.97213,              0.0004952,              0.0004952,              0.0004952
